[
  {
    "timestamp": "20251106_165548",
    "filename": "backpack_20251106_165548.jpg",
    "image_url": "uploads/backpack_20251106_165548.jpg",
    "label": "LED Ghost Backpack",
    "confidence": "0.4890597462654114",
    "category": "backpack",
    "color": "black with blue",
    "condition": "good",
    "distinctive_features": "Features an illuminated pixel art design of a blue ghost on the front."
  },
  {
    "timestamp": "20251106_165959",
    "filename": "key_20251106_165959.jpg",
    "image_url": "uploads/key_20251106_165959.jpg",
    "label": "Key fob",
    "confidence": "0",
    "category": "key",
    "color": "black and silver",
    "condition": "good",
    "distinctive_features": "Rounded shape with a small red button and a keyring attached."
  },
  {
    "timestamp": "20251106_171331",
    "filename": "other_20251106_171331.jpg",
    "image_url": "uploads/other_20251106_171331.jpg",
    "label": "MacBook Air",
    "confidence": "0",
    "category": "other",
    "color": "silver",
    "condition": "good",
    "distinctive_features": "Display shows an illustration of a futuristic object resembling a robot or spacecraft, with red and silver details."
  },
  {
    "timestamp": "20251109_121054",
    "filename": "cell_phone_20251109_121054.jpg",
    "image_url": "uploads/cell_phone_20251109_121054.jpg",
    "label": "iPhone",
    "confidence": "0.9582504630088806",
    "category": "cell_phone",
    "color": "black",
    "condition": "good",
    "distinctive_features": "The phone has a blue protective case and displays a scenic background of rock formations. The screen shows the time 12:10 and the date as Sunday, November 9."
  },
  {
    "timestamp": "20251109_121911",
    "filename": "other_20251109_121911.jpg",
    "image_url": "uploads/other_20251109_121911.jpg",
    "label": "travel mug (reduce)",
    "confidence": "0.9034578800201416",
    "category": "other",
    "color": "black",
    "condition": "very good",
    "distinctive_features": "Has a white handle and a white band around the lid, logo 'reduce' on the front, and a tall, cylindrical shape."
  },
  {
    "timestamp": "20251109_125146",
    "filename": "bottle_20251109_125146.jpg",
    "image_url": "uploads/bottle_20251109_125146.jpg",
    "label": "water bottle (Owala)",
    "confidence": "0",
    "category": "bottle",
    "color": "light blue with brown cap",
    "condition": "good, some visible scratches",
    "distinctive_features": "features a soft grip texture, with 'owala' logo printed on the front"
  },
  {
    "timestamp": "20251109_151040",
    "filename": "other_20251109_151040.jpg",
    "image_url": "uploads/other_20251109_151040.jpg",
    "label": "Ice Cream Cone",
    "confidence": "0",
    "category": "other",
    "color": "beige and purple",
    "condition": "partially eaten",
    "distinctive_features": "wafer cone with a small amount of ice cream on top, partially wrapped in purple foil with a brand label visible"
  },
  {
    "timestamp": "20251109_152428",
    "filename": "other_20251109_152428.jpg",
    "image_url": "uploads/other_20251109_152428.jpg",
    "label": "Pump",
    "confidence": "0",
    "category": "other",
    "color": "red",
    "condition": "good",
    "distinctive_features": "Has a T-shaped handle and a cylindrical red body."
  },
  {
    "timestamp": "20251109_160108",
    "filename": "other_20251109_160108.jpg",
    "image_url": "uploads/other_20251109_160108.jpg",
    "label": "Figurine",
    "confidence": "0",
    "category": "other",
    "color": "multi-color",
    "condition": "good",
    "distinctive_features": "Features a Santa Claus figure in beach attire, sitting on a beach, with a palm tree overhead and a small elf in red and white stripes beside him."
  }
]
